"","method","cor.all.spearman","cor.native.spearman","cor.all.pearson","cor.native.pearson","cor.all.hoslem","cor.native.hoslem","train.auc","test.auc","train.max.tss","test.max.tss","train.max.kappa","test.max.kappa"
"1","bc",0.304337109327092,0.235539165210316,0.342175124250779,0.235573493659103,170012.45258737,87202.0889481152,0.708907439317479,0.652385804002119,0.43912020342498,0.336378054206986,0.199232310684996,0.191657608199893
"2","brt",0.103077882611229,0.253066180939547,0.276119454433488,0.230364773121459,127581.663878292,67773.3437751416,0.877511627240592,0.74906462289985,0.635033656293697,0.478406453499106,0.49780002685373,0.318658966388249
"3","dm",0.518040013577568,0.209803328163921,0.584353130191964,0.213536419932171,80600.5925772868,42003.4608314584,0.644162852011652,0.625463208632652,0.277500101705812,0.304334011623499,0.160565936533964,0.179382155050865
"4","gam",0.348512074112445,0.171437211877085,0.197335600193493,0.135799962492094,193139.557732894,86831.7171096083,0.864193165011605,0.722455383928367,0.616277292588688,0.446681351545589,0.445200599712111,0.288733916552975
"5","glm",0.185677826923673,0.258891890029727,0.0703817669189448,0.218576365539329,244947.760979154,87818.7147835638,0.773612251972847,0.702803729171715,0.463747093064073,0.409525668166966,0.30157310013861,0.266485078776275
"6","mx",0.396618183209572,0.270346911174391,0.496294507672373,0.282820032166699,84807.1028651955,48858.8079246933,0.811500469139039,0.732397025035131,0.518187872382048,0.451832164385693,0.348681997264622,0.292307786841306
"7","rf",-0.142718137402773,0.0626064428104183,0.0330460740556867,0.0513676800040808,157799.022077702,87586.9568136926,0.988953807222712,0.726497357909002,0.959098833174625,0.45751202847337,0.833363568064027,0.386446395198687
